{
  "simpledifficulty:ice_chestplate": [
    {
      "identity": {
        "metadata": -1
      },
      "temperature": -2.0
    }
  ],
  "simpledifficulty:ice_helmet": [
    {
      "identity": {
        "metadata": -1
      },
      "temperature": -2.0
    }
  ],
  "simpledifficulty:wool_helmet": [
    {
      "identity": {
        "metadata": -1
      },
      "temperature": 2.0
    }
  ],
  "simpledifficulty:ice_boots": [
    {
      "identity": {
        "metadata": -1
      },
      "temperature": -2.0
    }
  ],
  "simpledifficulty:wool_boots": [
    {
      "identity": {
        "metadata": -1
      },
      "temperature": 2.0
    }
  ],
  "simpledifficulty:wool_leggings": [
    {
      "identity": {
        "metadata": -1
      },
      "temperature": 2.0
    }
  ],
  "simpledifficulty:wool_chestplate": [
    {
      "identity": {
        "metadata": -1
      },
      "temperature": 2.0
    }
  ],
  "simpledifficulty:ice_leggings": [
    {
      "identity": {
        "metadata": -1
      },
      "temperature": -2.0
    }
  ]
}