{
  "tconstruct:molten_nickel": [
    {
      "properties": {},
      "temperature": 12.5
    }
  ],
  "tconstruct:molten_iron": [
    {
      "properties": {},
      "temperature": 12.5
    }
  ],
  "simpledifficulty:campfire": [
    {
      "properties": {
        "burning": "true"
      },
      "temperature": 7.0
    },
    {
      "properties": {
        "burning": "false"
      },
      "temperature": 0.0
    }
  ],
  "tconstruct:molten_emerald": [
    {
      "properties": {},
      "temperature": 12.5
    }
  ],
  "tconstruct:molten_bronze": [
    {
      "properties": {},
      "temperature": 12.5
    }
  ],
  "tconstruct:molten_dirt": [
    {
      "properties": {},
      "temperature": 12.5
    }
  ],
  "tconstruct:molten_manyullyn": [
    {
      "properties": {},
      "temperature": 12.5
    }
  ],
  "tconstruct:molten_silver": [
    {
      "properties": {},
      "temperature": 12.5
    }
  ],
  "realistictorches:torch_lit": [
    {
      "properties": {},
      "temperature": 1.0
    }
  ],
  "tconstruct:molten_ardite": [
    {
      "properties": {},
      "temperature": 12.5
    }
  ],
  "tconstruct:molten_glass": [
    {
      "properties": {},
      "temperature": 12.5
    }
  ],
  "tconstruct:firewood_slab": [
    {
      "properties": {
        "type": "LAVAWOOD"
      },
      "temperature": 5.0
    },
    {
      "properties": {
        "type": "FIREWOOD"
      },
      "temperature": 7.0
    }
  ],
  "minecraft:magma": [
    {
      "properties": {},
      "temperature": 10.0
    }
  ],
  "tconstruct:molten_steel": [
    {
      "properties": {},
      "temperature": 12.5
    }
  ],
  "tconstruct:molten_obsidian": [
    {
      "properties": {},
      "temperature": 12.5
    }
  ],
  "minecraft:torch": [
    {
      "properties": {},
      "temperature": 1.0
    }
  ],
  "tconstruct:molten_electrum": [
    {
      "properties": {},
      "temperature": 12.5
    }
  ],
  "tconstruct:molten_copper": [
    {
      "properties": {},
      "temperature": 12.5
    }
  ],
  "tconstruct:lavawood_stairs": [
    {
      "properties": {},
      "temperature": 5.0
    }
  ],
  "tconstruct:molten_gold": [
    {
      "properties": {},
      "temperature": 12.5
    }
  ],
  "tconstruct:molten_clay": [
    {
      "properties": {},
      "temperature": 12.5
    }
  ],
  "tconstruct:molten_cobalt": [
    {
      "properties": {},
      "temperature": 12.5
    }
  ],
  "tconstruct:molten_tin": [
    {
      "properties": {},
      "temperature": 12.5
    }
  ],
  "tconstruct:molten_zinc": [
    {
      "properties": {},
      "temperature": 12.5
    }
  ],
  "tconstruct:firewood": [
    {
      "properties": {
        "type": "LAVAWOOD"
      },
      "temperature": 5.0
    },
    {
      "properties": {
        "type": "FIREWOOD"
      },
      "temperature": 7.0
    }
  ],
  "tconstruct:molten_lead": [
    {
      "properties": {},
      "temperature": 12.5
    }
  ],
  "tconstruct:molten_aluminum": [
    {
      "properties": {},
      "temperature": 12.5
    }
  ],
  "tconstruct:molten_knightslime": [
    {
      "properties": {},
      "temperature": 12.5
    }
  ],
  "tconstruct:molten_pigiron": [
    {
      "properties": {},
      "temperature": 12.5
    }
  ],
  "tconstruct:molten_stone": [
    {
      "properties": {},
      "temperature": 12.5
    }
  ],
  "tconstruct:firewood_stairs": [
    {
      "properties": {},
      "temperature": 7.0
    }
  ],
  "minecraft:lava": [
    {
      "properties": {},
      "temperature": 12.5
    }
  ],
  "tconstruct:molten_brass": [
    {
      "properties": {},
      "temperature": 12.5
    }
  ],
  "minecraft:lit_furnace": [
    {
      "properties": {},
      "temperature": 4.0
    }
  ],
  "tconstruct:molten_alubrass": [
    {
      "properties": {},
      "temperature": 12.5
    }
  ],
  "minecraft:flowing_lava": [
    {
      "properties": {},
      "temperature": 12.5
    }
  ]
}