{
  "realistictorches:torch_lit": [
    {
      "identity": {
        "metadata": -1
      },
      "temperature": 1.0
    }
  ],
  "tconstruct:firewood_stairs": [
    {
      "identity": {
        "metadata": 0
      },
      "temperature": 2.0
    }
  ],
  "tconstruct:stone_torch": [
    {
      "identity": {
        "metadata": 0
      },
      "temperature": 1.0
    }
  ],
  "tconstruct:firewood_slab": [
    {
      "identity": {
        "metadata": 0
      },
      "temperature": 2.0
    },
    {
      "identity": {
        "metadata": 1
      },
      "temperature": 2.0
    }
  ],
  "minecraft:magma": [
    {
      "identity": {
        "metadata": -1
      },
      "temperature": 3.0
    }
  ],
  "tconstruct:firewood": [
    {
      "identity": {
        "metadata": 0
      },
      "temperature": 2.0
    },
    {
      "identity": {
        "metadata": 1
      },
      "temperature": 2.0
    }
  ],
  "minecraft:torch": [
    {
      "identity": {
        "metadata": -1
      },
      "temperature": 1.0
    }
  ],
  "tconstruct:lavawood_stairs": [
    {
      "identity": {
        "metadata": 0
      },
      "temperature": 2.0
    }
  ]
}